ticker,weight,units,entry_price,snapshot_type
AMZN,6.0,0.02193383,273.55,move
AVGO,4.3956,0.01126101,390.337989,move
BABA,4.0,0.03024346,132.26,move
BSX,4.0,0.07145409,55.98,move
CRCL,2.0,0.01751467,114.19,move
CSGP,1.977822,0.05711297,34.63,move
CSU.TO,7.0,0.00386378,1811.6955,move
DPZ,2.0,0.006029,331.73,move
EL.PA,3.0,0.01448332,207.1349,move
FICO,5.1678,0.00619276,834.490599,move
ISRG,3.0,0.00664628,451.38,move
JPM,4.5,0.01454428,309.4,move
LLY,5.0,0.00505628,988.87,move
MA,1.9692,0.00412251,477.67,move
MELI,5.0,0.00275132,1817.3101,move
META,6.0,0.00991801,604.96,move
MSFT,4.0,0.00972337,411.38,move
NOW,2.7642,0.02426645,113.910358,move
NVDA,8.0,0.04071247,196.5,move
NVO,3.0,0.06685982,44.87,move
RMS.PA,2.0,0.00102344,1954.1912,move
STZ,2.0,0.01335113,149.8,move
V,4.0,0.0124212,322.03,move
VRSK,3.0,0.0166251,180.45,move
VST,2.9796,0.02109153,141.27,move
ZM,2.0,0.01833181,109.1,move
